Train Start Time,Station Name,Scheduled Time
06:00:00,Vanaz,06:00:00
06:00:00,Anand Nagar,06:02:28
06:00:00,Ideal Colony,06:04:56
06:00:00,Nal Stop,06:07:24
06:00:00,Garware College,06:09:52
06:00:00,Deccan Gymkhana,06:12:20
06:00:00,Chatrapati Sambhaji Udyan,06:14:48
06:00:00,PMC,06:17:16
06:00:00,District Court,06:19:44
06:00:00,Mangalwar Peth,06:22:12
06:00:00,Pune Railway Station,06:24:40
06:00:00,Ruby Hall Clinic,06:27:08
06:00:00,Bund Garden,06:29:36
06:00:00,Yerwada,06:32:04
06:00:00,Kalyani Nagar,06:34:32
06:00:00,Ramwadi,06:37:00
,,
06:10:00,Vanaz,06:10:00
06:10:00,Anand Nagar,06:12:28
06:10:00,Ideal Colony,06:14:56
06:10:00,Nal Stop,06:17:24
06:10:00,Garware College,06:19:52
06:10:00,Deccan Gymkhana,06:22:20
06:10:00,Chatrapati Sambhaji Udyan,06:24:48
06:10:00,PMC,06:27:16
06:10:00,District Court,06:29:44
06:10:00,Mangalwar Peth,06:32:12
06:10:00,Pune Railway Station,06:34:40
06:10:00,Ruby Hall Clinic,06:37:08
06:10:00,Bund Garden,06:39:36
06:10:00,Yerwada,06:42:04
06:10:00,Kalyani Nagar,06:44:32
06:10:00,Ramwadi,06:47:00
,,
06:20:00,Vanaz,06:20:00
06:20:00,Anand Nagar,06:22:28
06:20:00,Ideal Colony,06:24:56
06:20:00,Nal Stop,06:27:24
06:20:00,Garware College,06:29:52
06:20:00,Deccan Gymkhana,06:32:20
06:20:00,Chatrapati Sambhaji Udyan,06:34:48
06:20:00,PMC,06:37:16
06:20:00,District Court,06:39:44
06:20:00,Mangalwar Peth,06:42:12
06:20:00,Pune Railway Station,06:44:40
06:20:00,Ruby Hall Clinic,06:47:08
06:20:00,Bund Garden,06:49:36
06:20:00,Yerwada,06:52:04
06:20:00,Kalyani Nagar,06:54:32
06:20:00,Ramwadi,06:57:00
,,
06:30:00,Vanaz,06:30:00
06:30:00,Anand Nagar,06:32:28
06:30:00,Ideal Colony,06:34:56
06:30:00,Nal Stop,06:37:24
06:30:00,Garware College,06:39:52
06:30:00,Deccan Gymkhana,06:42:20
06:30:00,Chatrapati Sambhaji Udyan,06:44:48
06:30:00,PMC,06:47:16
06:30:00,District Court,06:49:44
06:30:00,Mangalwar Peth,06:52:12
06:30:00,Pune Railway Station,06:54:40
06:30:00,Ruby Hall Clinic,06:57:08
06:30:00,Bund Garden,06:59:36
06:30:00,Yerwada,07:02:04
06:30:00,Kalyani Nagar,07:04:32
06:30:00,Ramwadi,07:07:00
,,
06:40:00,Vanaz,06:40:00
06:40:00,Anand Nagar,06:42:28
06:40:00,Ideal Colony,06:44:56
06:40:00,Nal Stop,06:47:24
06:40:00,Garware College,06:49:52
06:40:00,Deccan Gymkhana,06:52:20
06:40:00,Chatrapati Sambhaji Udyan,06:54:48
06:40:00,PMC,06:57:16
06:40:00,District Court,06:59:44
06:40:00,Mangalwar Peth,07:02:12
06:40:00,Pune Railway Station,07:04:40
06:40:00,Ruby Hall Clinic,07:07:08
06:40:00,Bund Garden,07:09:36
06:40:00,Yerwada,07:12:04
06:40:00,Kalyani Nagar,07:14:32
06:40:00,Ramwadi,07:17:00
,,
06:50:00,Vanaz,06:50:00
06:50:00,Anand Nagar,06:52:28
06:50:00,Ideal Colony,06:54:56
06:50:00,Nal Stop,06:57:24
06:50:00,Garware College,06:59:52
06:50:00,Deccan Gymkhana,07:02:20
06:50:00,Chatrapati Sambhaji Udyan,07:04:48
06:50:00,PMC,07:07:16
06:50:00,District Court,07:09:44
06:50:00,Mangalwar Peth,07:12:12
06:50:00,Pune Railway Station,07:14:40
06:50:00,Ruby Hall Clinic,07:17:08
06:50:00,Bund Garden,07:19:36
06:50:00,Yerwada,07:22:04
06:50:00,Kalyani Nagar,07:24:32
06:50:00,Ramwadi,07:27:00
,,
07:00:00,Vanaz,07:00:00
07:00:00,Anand Nagar,07:02:28
07:00:00,Ideal Colony,07:04:56
07:00:00,Nal Stop,07:07:24
07:00:00,Garware College,07:09:52
07:00:00,Deccan Gymkhana,07:12:20
07:00:00,Chatrapati Sambhaji Udyan,07:14:48
07:00:00,PMC,07:17:16
07:00:00,District Court,07:19:44
07:00:00,Mangalwar Peth,07:22:12
07:00:00,Pune Railway Station,07:24:40
07:00:00,Ruby Hall Clinic,07:27:08
07:00:00,Bund Garden,07:29:36
07:00:00,Yerwada,07:32:04
07:00:00,Kalyani Nagar,07:34:32
07:00:00,Ramwadi,07:37:00
,,
07:10:00,Vanaz,07:10:00
07:10:00,Anand Nagar,07:12:28
07:10:00,Ideal Colony,07:14:56
07:10:00,Nal Stop,07:17:24
07:10:00,Garware College,07:19:52
07:10:00,Deccan Gymkhana,07:22:20
07:10:00,Chatrapati Sambhaji Udyan,07:24:48
07:10:00,PMC,07:27:16
07:10:00,District Court,07:29:44
07:10:00,Mangalwar Peth,07:32:12
07:10:00,Pune Railway Station,07:34:40
07:10:00,Ruby Hall Clinic,07:37:08
07:10:00,Bund Garden,07:39:36
07:10:00,Yerwada,07:42:04
07:10:00,Kalyani Nagar,07:44:32
07:10:00,Ramwadi,07:47:00
,,
07:20:00,Vanaz,07:20:00
07:20:00,Anand Nagar,07:22:28
07:20:00,Ideal Colony,07:24:56
07:20:00,Nal Stop,07:27:24
07:20:00,Garware College,07:29:52
07:20:00,Deccan Gymkhana,07:32:20
07:20:00,Chatrapati Sambhaji Udyan,07:34:48
07:20:00,PMC,07:37:16
07:20:00,District Court,07:39:44
07:20:00,Mangalwar Peth,07:42:12
07:20:00,Pune Railway Station,07:44:40
07:20:00,Ruby Hall Clinic,07:47:08
07:20:00,Bund Garden,07:49:36
07:20:00,Yerwada,07:52:04
07:20:00,Kalyani Nagar,07:54:32
07:20:00,Ramwadi,07:57:00
,,
07:30:00,Vanaz,07:30:00
07:30:00,Anand Nagar,07:32:28
07:30:00,Ideal Colony,07:34:56
07:30:00,Nal Stop,07:37:24
07:30:00,Garware College,07:39:52
07:30:00,Deccan Gymkhana,07:42:20
07:30:00,Chatrapati Sambhaji Udyan,07:44:48
07:30:00,PMC,07:47:16
07:30:00,District Court,07:49:44
07:30:00,Mangalwar Peth,07:52:12
07:30:00,Pune Railway Station,07:54:40
07:30:00,Ruby Hall Clinic,07:57:08
07:30:00,Bund Garden,07:59:36
07:30:00,Yerwada,08:02:04
07:30:00,Kalyani Nagar,08:04:32
07:30:00,Ramwadi,08:07:00
,,
07:40:00,Vanaz,07:40:00
07:40:00,Anand Nagar,07:42:28
07:40:00,Ideal Colony,07:44:56
07:40:00,Nal Stop,07:47:24
07:40:00,Garware College,07:49:52
07:40:00,Deccan Gymkhana,07:52:20
07:40:00,Chatrapati Sambhaji Udyan,07:54:48
07:40:00,PMC,07:57:16
07:40:00,District Court,07:59:44
07:40:00,Mangalwar Peth,08:02:12
07:40:00,Pune Railway Station,08:04:40
07:40:00,Ruby Hall Clinic,08:07:08
07:40:00,Bund Garden,08:09:36
07:40:00,Yerwada,08:12:04
07:40:00,Kalyani Nagar,08:14:32
07:40:00,Ramwadi,08:17:00
,,
07:50:00,Vanaz,07:50:00
07:50:00,Anand Nagar,07:52:28
07:50:00,Ideal Colony,07:54:56
07:50:00,Nal Stop,07:57:24
07:50:00,Garware College,07:59:52
07:50:00,Deccan Gymkhana,08:02:20
07:50:00,Chatrapati Sambhaji Udyan,08:04:48
07:50:00,PMC,08:07:16
07:50:00,District Court,08:09:44
07:50:00,Mangalwar Peth,08:12:12
07:50:00,Pune Railway Station,08:14:40
07:50:00,Ruby Hall Clinic,08:17:08
07:50:00,Bund Garden,08:19:36
07:50:00,Yerwada,08:22:04
07:50:00,Kalyani Nagar,08:24:32
07:50:00,Ramwadi,08:27:00
,,
08:00:00,Vanaz,08:00:00
08:00:00,Anand Nagar,08:02:28
08:00:00,Ideal Colony,08:04:56
08:00:00,Nal Stop,08:07:24
08:00:00,Garware College,08:09:52
08:00:00,Deccan Gymkhana,08:12:20
08:00:00,Chatrapati Sambhaji Udyan,08:14:48
08:00:00,PMC,08:17:16
08:00:00,District Court,08:19:44
08:00:00,Mangalwar Peth,08:22:12
08:00:00,Pune Railway Station,08:24:40
08:00:00,Ruby Hall Clinic,08:27:08
08:00:00,Bund Garden,08:29:36
08:00:00,Yerwada,08:32:04
08:00:00,Kalyani Nagar,08:34:32
08:00:00,Ramwadi,08:37:00
,,
08:07:00,Vanaz,08:07:00
08:07:00,Anand Nagar,08:09:28
08:07:00,Ideal Colony,08:11:56
08:07:00,Nal Stop,08:14:24
08:07:00,Garware College,08:16:52
08:07:00,Deccan Gymkhana,08:19:20
08:07:00,Chatrapati Sambhaji Udyan,08:21:48
08:07:00,PMC,08:24:16
08:07:00,District Court,08:26:44
08:07:00,Mangalwar Peth,08:29:12
08:07:00,Pune Railway Station,08:31:40
08:07:00,Ruby Hall Clinic,08:34:08
08:07:00,Bund Garden,08:36:36
08:07:00,Yerwada,08:39:04
08:07:00,Kalyani Nagar,08:41:32
08:07:00,Ramwadi,08:44:00
,,
08:14:00,Vanaz,08:14:00
08:14:00,Anand Nagar,08:16:28
08:14:00,Ideal Colony,08:18:56
08:14:00,Nal Stop,08:21:24
08:14:00,Garware College,08:23:52
08:14:00,Deccan Gymkhana,08:26:20
08:14:00,Chatrapati Sambhaji Udyan,08:28:48
08:14:00,PMC,08:31:16
08:14:00,District Court,08:33:44
08:14:00,Mangalwar Peth,08:36:12
08:14:00,Pune Railway Station,08:38:40
08:14:00,Ruby Hall Clinic,08:41:08
08:14:00,Bund Garden,08:43:36
08:14:00,Yerwada,08:46:04
08:14:00,Kalyani Nagar,08:48:32
08:14:00,Ramwadi,08:51:00
,,
08:21:00,Vanaz,08:21:00
08:21:00,Anand Nagar,08:23:28
08:21:00,Ideal Colony,08:25:56
08:21:00,Nal Stop,08:28:24
08:21:00,Garware College,08:30:52
08:21:00,Deccan Gymkhana,08:33:20
08:21:00,Chatrapati Sambhaji Udyan,08:35:48
08:21:00,PMC,08:38:16
08:21:00,District Court,08:40:44
08:21:00,Mangalwar Peth,08:43:12
08:21:00,Pune Railway Station,08:45:40
08:21:00,Ruby Hall Clinic,08:48:08
08:21:00,Bund Garden,08:50:36
08:21:00,Yerwada,08:53:04
08:21:00,Kalyani Nagar,08:55:32
08:21:00,Ramwadi,08:58:00
,,
08:28:00,Vanaz,08:28:00
08:28:00,Anand Nagar,08:30:28
08:28:00,Ideal Colony,08:32:56
08:28:00,Nal Stop,08:35:24
08:28:00,Garware College,08:37:52
08:28:00,Deccan Gymkhana,08:40:20
08:28:00,Chatrapati Sambhaji Udyan,08:42:48
08:28:00,PMC,08:45:16
08:28:00,District Court,08:47:44
08:28:00,Mangalwar Peth,08:50:12
08:28:00,Pune Railway Station,08:52:40
08:28:00,Ruby Hall Clinic,08:55:08
08:28:00,Bund Garden,08:57:36
08:28:00,Yerwada,09:00:04
08:28:00,Kalyani Nagar,09:02:32
08:28:00,Ramwadi,09:05:00
,,
08:35:00,Vanaz,08:35:00
08:35:00,Anand Nagar,08:37:28
08:35:00,Ideal Colony,08:39:56
08:35:00,Nal Stop,08:42:24
08:35:00,Garware College,08:44:52
08:35:00,Deccan Gymkhana,08:47:20
08:35:00,Chatrapati Sambhaji Udyan,08:49:48
08:35:00,PMC,08:52:16
08:35:00,District Court,08:54:44
08:35:00,Mangalwar Peth,08:57:12
08:35:00,Pune Railway Station,08:59:40
08:35:00,Ruby Hall Clinic,09:02:08
08:35:00,Bund Garden,09:04:36
08:35:00,Yerwada,09:07:04
08:35:00,Kalyani Nagar,09:09:32
08:35:00,Ramwadi,09:12:00
,,
08:42:00,Vanaz,08:42:00
08:42:00,Anand Nagar,08:44:28
08:42:00,Ideal Colony,08:46:56
08:42:00,Nal Stop,08:49:24
08:42:00,Garware College,08:51:52
08:42:00,Deccan Gymkhana,08:54:20
08:42:00,Chatrapati Sambhaji Udyan,08:56:48
08:42:00,PMC,08:59:16
08:42:00,District Court,09:01:44
08:42:00,Mangalwar Peth,09:04:12
08:42:00,Pune Railway Station,09:06:40
08:42:00,Ruby Hall Clinic,09:09:08
08:42:00,Bund Garden,09:11:36
08:42:00,Yerwada,09:14:04
08:42:00,Kalyani Nagar,09:16:32
08:42:00,Ramwadi,09:19:00
,,
08:49:00,Vanaz,08:49:00
08:49:00,Anand Nagar,08:51:28
08:49:00,Ideal Colony,08:53:56
08:49:00,Nal Stop,08:56:24
08:49:00,Garware College,08:58:52
08:49:00,Deccan Gymkhana,09:01:20
08:49:00,Chatrapati Sambhaji Udyan,09:03:48
08:49:00,PMC,09:06:16
08:49:00,District Court,09:08:44
08:49:00,Mangalwar Peth,09:11:12
08:49:00,Pune Railway Station,09:13:40
08:49:00,Ruby Hall Clinic,09:16:08
08:49:00,Bund Garden,09:18:36
08:49:00,Yerwada,09:21:04
08:49:00,Kalyani Nagar,09:23:32
08:49:00,Ramwadi,09:26:00
,,
08:56:00,Vanaz,08:56:00
08:56:00,Anand Nagar,08:58:28
08:56:00,Ideal Colony,09:00:56
08:56:00,Nal Stop,09:03:24
08:56:00,Garware College,09:05:52
08:56:00,Deccan Gymkhana,09:08:20
08:56:00,Chatrapati Sambhaji Udyan,09:10:48
08:56:00,PMC,09:13:16
08:56:00,District Court,09:15:44
08:56:00,Mangalwar Peth,09:18:12
08:56:00,Pune Railway Station,09:20:40
08:56:00,Ruby Hall Clinic,09:23:08
08:56:00,Bund Garden,09:25:36
08:56:00,Yerwada,09:28:04
08:56:00,Kalyani Nagar,09:30:32
08:56:00,Ramwadi,09:33:00
,,
09:03:00,Vanaz,09:03:00
09:03:00,Anand Nagar,09:05:28
09:03:00,Ideal Colony,09:07:56
09:03:00,Nal Stop,09:10:24
09:03:00,Garware College,09:12:52
09:03:00,Deccan Gymkhana,09:15:20
09:03:00,Chatrapati Sambhaji Udyan,09:17:48
09:03:00,PMC,09:20:16
09:03:00,District Court,09:22:44
09:03:00,Mangalwar Peth,09:25:12
09:03:00,Pune Railway Station,09:27:40
09:03:00,Ruby Hall Clinic,09:30:08
09:03:00,Bund Garden,09:32:36
09:03:00,Yerwada,09:35:04
09:03:00,Kalyani Nagar,09:37:32
09:03:00,Ramwadi,09:40:00
,,
09:10:00,Vanaz,09:10:00
09:10:00,Anand Nagar,09:12:28
09:10:00,Ideal Colony,09:14:56
09:10:00,Nal Stop,09:17:24
09:10:00,Garware College,09:19:52
09:10:00,Deccan Gymkhana,09:22:20
09:10:00,Chatrapati Sambhaji Udyan,09:24:48
09:10:00,PMC,09:27:16
09:10:00,District Court,09:29:44
09:10:00,Mangalwar Peth,09:32:12
09:10:00,Pune Railway Station,09:34:40
09:10:00,Ruby Hall Clinic,09:37:08
09:10:00,Bund Garden,09:39:36
09:10:00,Yerwada,09:42:04
09:10:00,Kalyani Nagar,09:44:32
09:10:00,Ramwadi,09:47:00
,,
09:17:00,Vanaz,09:17:00
09:17:00,Anand Nagar,09:19:28
09:17:00,Ideal Colony,09:21:56
09:17:00,Nal Stop,09:24:24
09:17:00,Garware College,09:26:52
09:17:00,Deccan Gymkhana,09:29:20
09:17:00,Chatrapati Sambhaji Udyan,09:31:48
09:17:00,PMC,09:34:16
09:17:00,District Court,09:36:44
09:17:00,Mangalwar Peth,09:39:12
09:17:00,Pune Railway Station,09:41:40
09:17:00,Ruby Hall Clinic,09:44:08
09:17:00,Bund Garden,09:46:36
09:17:00,Yerwada,09:49:04
09:17:00,Kalyani Nagar,09:51:32
09:17:00,Ramwadi,09:54:00
,,
09:24:00,Vanaz,09:24:00
09:24:00,Anand Nagar,09:26:28
09:24:00,Ideal Colony,09:28:56
09:24:00,Nal Stop,09:31:24
09:24:00,Garware College,09:33:52
09:24:00,Deccan Gymkhana,09:36:20
09:24:00,Chatrapati Sambhaji Udyan,09:38:48
09:24:00,PMC,09:41:16
09:24:00,District Court,09:43:44
09:24:00,Mangalwar Peth,09:46:12
09:24:00,Pune Railway Station,09:48:40
09:24:00,Ruby Hall Clinic,09:51:08
09:24:00,Bund Garden,09:53:36
09:24:00,Yerwada,09:56:04
09:24:00,Kalyani Nagar,09:58:32
09:24:00,Ramwadi,10:01:00
,,
09:31:00,Vanaz,09:31:00
09:31:00,Anand Nagar,09:33:28
09:31:00,Ideal Colony,09:35:56
09:31:00,Nal Stop,09:38:24
09:31:00,Garware College,09:40:52
09:31:00,Deccan Gymkhana,09:43:20
09:31:00,Chatrapati Sambhaji Udyan,09:45:48
09:31:00,PMC,09:48:16
09:31:00,District Court,09:50:44
09:31:00,Mangalwar Peth,09:53:12
09:31:00,Pune Railway Station,09:55:40
09:31:00,Ruby Hall Clinic,09:58:08
09:31:00,Bund Garden,10:00:36
09:31:00,Yerwada,10:03:04
09:31:00,Kalyani Nagar,10:05:32
09:31:00,Ramwadi,10:08:00
,,
09:38:00,Vanaz,09:38:00
09:38:00,Anand Nagar,09:40:28
09:38:00,Ideal Colony,09:42:56
09:38:00,Nal Stop,09:45:24
09:38:00,Garware College,09:47:52
09:38:00,Deccan Gymkhana,09:50:20
09:38:00,Chatrapati Sambhaji Udyan,09:52:48
09:38:00,PMC,09:55:16
09:38:00,District Court,09:57:44
09:38:00,Mangalwar Peth,10:00:12
09:38:00,Pune Railway Station,10:02:40
09:38:00,Ruby Hall Clinic,10:05:08
09:38:00,Bund Garden,10:07:36
09:38:00,Yerwada,10:10:04
09:38:00,Kalyani Nagar,10:12:32
09:38:00,Ramwadi,10:15:00
,,
09:45:00,Vanaz,09:45:00
09:45:00,Anand Nagar,09:47:28
09:45:00,Ideal Colony,09:49:56
09:45:00,Nal Stop,09:52:24
09:45:00,Garware College,09:54:52
09:45:00,Deccan Gymkhana,09:57:20
09:45:00,Chatrapati Sambhaji Udyan,09:59:48
09:45:00,PMC,10:02:16
09:45:00,District Court,10:04:44
09:45:00,Mangalwar Peth,10:07:12
09:45:00,Pune Railway Station,10:09:40
09:45:00,Ruby Hall Clinic,10:12:08
09:45:00,Bund Garden,10:14:36
09:45:00,Yerwada,10:17:04
09:45:00,Kalyani Nagar,10:19:32
09:45:00,Ramwadi,10:22:00
,,
09:52:00,Vanaz,09:52:00
09:52:00,Anand Nagar,09:54:28
09:52:00,Ideal Colony,09:56:56
09:52:00,Nal Stop,09:59:24
09:52:00,Garware College,10:01:52
09:52:00,Deccan Gymkhana,10:04:20
09:52:00,Chatrapati Sambhaji Udyan,10:06:48
09:52:00,PMC,10:09:16
09:52:00,District Court,10:11:44
09:52:00,Mangalwar Peth,10:14:12
09:52:00,Pune Railway Station,10:16:40
09:52:00,Ruby Hall Clinic,10:19:08
09:52:00,Bund Garden,10:21:36
09:52:00,Yerwada,10:24:04
09:52:00,Kalyani Nagar,10:26:32
09:52:00,Ramwadi,10:29:00
,,
09:59:00,Vanaz,09:59:00
09:59:00,Anand Nagar,10:01:28
09:59:00,Ideal Colony,10:03:56
09:59:00,Nal Stop,10:06:24
09:59:00,Garware College,10:08:52
09:59:00,Deccan Gymkhana,10:11:20
09:59:00,Chatrapati Sambhaji Udyan,10:13:48
09:59:00,PMC,10:16:16
09:59:00,District Court,10:18:44
09:59:00,Mangalwar Peth,10:21:12
09:59:00,Pune Railway Station,10:23:40
09:59:00,Ruby Hall Clinic,10:26:08
09:59:00,Bund Garden,10:28:36
09:59:00,Yerwada,10:31:04
09:59:00,Kalyani Nagar,10:33:32
09:59:00,Ramwadi,10:36:00
,,
10:06:00,Vanaz,10:06:00
10:06:00,Anand Nagar,10:08:28
10:06:00,Ideal Colony,10:10:56
10:06:00,Nal Stop,10:13:24
10:06:00,Garware College,10:15:52
10:06:00,Deccan Gymkhana,10:18:20
10:06:00,Chatrapati Sambhaji Udyan,10:20:48
10:06:00,PMC,10:23:16
10:06:00,District Court,10:25:44
10:06:00,Mangalwar Peth,10:28:12
10:06:00,Pune Railway Station,10:30:40
10:06:00,Ruby Hall Clinic,10:33:08
10:06:00,Bund Garden,10:35:36
10:06:00,Yerwada,10:38:04
10:06:00,Kalyani Nagar,10:40:32
10:06:00,Ramwadi,10:43:00
,,
10:13:00,Vanaz,10:13:00
10:13:00,Anand Nagar,10:15:28
10:13:00,Ideal Colony,10:17:56
10:13:00,Nal Stop,10:20:24
10:13:00,Garware College,10:22:52
10:13:00,Deccan Gymkhana,10:25:20
10:13:00,Chatrapati Sambhaji Udyan,10:27:48
10:13:00,PMC,10:30:16
10:13:00,District Court,10:32:44
10:13:00,Mangalwar Peth,10:35:12
10:13:00,Pune Railway Station,10:37:40
10:13:00,Ruby Hall Clinic,10:40:08
10:13:00,Bund Garden,10:42:36
10:13:00,Yerwada,10:45:04
10:13:00,Kalyani Nagar,10:47:32
10:13:00,Ramwadi,10:50:00
,,
10:20:00,Vanaz,10:20:00
10:20:00,Anand Nagar,10:22:28
10:20:00,Ideal Colony,10:24:56
10:20:00,Nal Stop,10:27:24
10:20:00,Garware College,10:29:52
10:20:00,Deccan Gymkhana,10:32:20
10:20:00,Chatrapati Sambhaji Udyan,10:34:48
10:20:00,PMC,10:37:16
10:20:00,District Court,10:39:44
10:20:00,Mangalwar Peth,10:42:12
10:20:00,Pune Railway Station,10:44:40
10:20:00,Ruby Hall Clinic,10:47:08
10:20:00,Bund Garden,10:49:36
10:20:00,Yerwada,10:52:04
10:20:00,Kalyani Nagar,10:54:32
10:20:00,Ramwadi,10:57:00
,,
10:27:00,Vanaz,10:27:00
10:27:00,Anand Nagar,10:29:28
10:27:00,Ideal Colony,10:31:56
10:27:00,Nal Stop,10:34:24
10:27:00,Garware College,10:36:52
10:27:00,Deccan Gymkhana,10:39:20
10:27:00,Chatrapati Sambhaji Udyan,10:41:48
10:27:00,PMC,10:44:16
10:27:00,District Court,10:46:44
10:27:00,Mangalwar Peth,10:49:12
10:27:00,Pune Railway Station,10:51:40
10:27:00,Ruby Hall Clinic,10:54:08
10:27:00,Bund Garden,10:56:36
10:27:00,Yerwada,10:59:04
10:27:00,Kalyani Nagar,11:01:32
10:27:00,Ramwadi,11:04:00
,,
10:34:00,Vanaz,10:34:00
10:34:00,Anand Nagar,10:36:28
10:34:00,Ideal Colony,10:38:56
10:34:00,Nal Stop,10:41:24
10:34:00,Garware College,10:43:52
10:34:00,Deccan Gymkhana,10:46:20
10:34:00,Chatrapati Sambhaji Udyan,10:48:48
10:34:00,PMC,10:51:16
10:34:00,District Court,10:53:44
10:34:00,Mangalwar Peth,10:56:12
10:34:00,Pune Railway Station,10:58:40
10:34:00,Ruby Hall Clinic,11:01:08
10:34:00,Bund Garden,11:03:36
10:34:00,Yerwada,11:06:04
10:34:00,Kalyani Nagar,11:08:32
10:34:00,Ramwadi,11:11:00
,,
10:41:00,Vanaz,10:41:00
10:41:00,Anand Nagar,10:43:28
10:41:00,Ideal Colony,10:45:56
10:41:00,Nal Stop,10:48:24
10:41:00,Garware College,10:50:52
10:41:00,Deccan Gymkhana,10:53:20
10:41:00,Chatrapati Sambhaji Udyan,10:55:48
10:41:00,PMC,10:58:16
10:41:00,District Court,11:00:44
10:41:00,Mangalwar Peth,11:03:12
10:41:00,Pune Railway Station,11:05:40
10:41:00,Ruby Hall Clinic,11:08:08
10:41:00,Bund Garden,11:10:36
10:41:00,Yerwada,11:13:04
10:41:00,Kalyani Nagar,11:15:32
10:41:00,Ramwadi,11:18:00
,,
10:48:00,Vanaz,10:48:00
10:48:00,Anand Nagar,10:50:28
10:48:00,Ideal Colony,10:52:56
10:48:00,Nal Stop,10:55:24
10:48:00,Garware College,10:57:52
10:48:00,Deccan Gymkhana,11:00:20
10:48:00,Chatrapati Sambhaji Udyan,11:02:48
10:48:00,PMC,11:05:16
10:48:00,District Court,11:07:44
10:48:00,Mangalwar Peth,11:10:12
10:48:00,Pune Railway Station,11:12:40
10:48:00,Ruby Hall Clinic,11:15:08
10:48:00,Bund Garden,11:17:36
10:48:00,Yerwada,11:20:04
10:48:00,Kalyani Nagar,11:22:32
10:48:00,Ramwadi,11:25:00
,,
10:55:00,Vanaz,10:55:00
10:55:00,Anand Nagar,10:57:28
10:55:00,Ideal Colony,10:59:56
10:55:00,Nal Stop,11:02:24
10:55:00,Garware College,11:04:52
10:55:00,Deccan Gymkhana,11:07:20
10:55:00,Chatrapati Sambhaji Udyan,11:09:48
10:55:00,PMC,11:12:16
10:55:00,District Court,11:14:44
10:55:00,Mangalwar Peth,11:17:12
10:55:00,Pune Railway Station,11:19:40
10:55:00,Ruby Hall Clinic,11:22:08
10:55:00,Bund Garden,11:24:36
10:55:00,Yerwada,11:27:04
10:55:00,Kalyani Nagar,11:29:32
10:55:00,Ramwadi,11:32:00
,,
11:02:00,Vanaz,11:02:00
11:02:00,Anand Nagar,11:04:28
11:02:00,Ideal Colony,11:06:56
11:02:00,Nal Stop,11:09:24
11:02:00,Garware College,11:11:52
11:02:00,Deccan Gymkhana,11:14:20
11:02:00,Chatrapati Sambhaji Udyan,11:16:48
11:02:00,PMC,11:19:16
11:02:00,District Court,11:21:44
11:02:00,Mangalwar Peth,11:24:12
11:02:00,Pune Railway Station,11:26:40
11:02:00,Ruby Hall Clinic,11:29:08
11:02:00,Bund Garden,11:31:36
11:02:00,Yerwada,11:34:04
11:02:00,Kalyani Nagar,11:36:32
11:02:00,Ramwadi,11:39:00
,,
11:12:00,Vanaz,11:12:00
11:12:00,Anand Nagar,11:14:28
11:12:00,Ideal Colony,11:16:56
11:12:00,Nal Stop,11:19:24
11:12:00,Garware College,11:21:52
11:12:00,Deccan Gymkhana,11:24:20
11:12:00,Chatrapati Sambhaji Udyan,11:26:48
11:12:00,PMC,11:29:16
11:12:00,District Court,11:31:44
11:12:00,Mangalwar Peth,11:34:12
11:12:00,Pune Railway Station,11:36:40
11:12:00,Ruby Hall Clinic,11:39:08
11:12:00,Bund Garden,11:41:36
11:12:00,Yerwada,11:44:04
11:12:00,Kalyani Nagar,11:46:32
11:12:00,Ramwadi,11:49:00
,,
11:22:00,Vanaz,11:22:00
11:22:00,Anand Nagar,11:24:28
11:22:00,Ideal Colony,11:26:56
11:22:00,Nal Stop,11:29:24
11:22:00,Garware College,11:31:52
11:22:00,Deccan Gymkhana,11:34:20
11:22:00,Chatrapati Sambhaji Udyan,11:36:48
11:22:00,PMC,11:39:16
11:22:00,District Court,11:41:44
11:22:00,Mangalwar Peth,11:44:12
11:22:00,Pune Railway Station,11:46:40
11:22:00,Ruby Hall Clinic,11:49:08
11:22:00,Bund Garden,11:51:36
11:22:00,Yerwada,11:54:04
11:22:00,Kalyani Nagar,11:56:32
11:22:00,Ramwadi,11:59:00
,,
11:32:00,Vanaz,11:32:00
11:32:00,Anand Nagar,11:34:28
11:32:00,Ideal Colony,11:36:56
11:32:00,Nal Stop,11:39:24
11:32:00,Garware College,11:41:52
11:32:00,Deccan Gymkhana,11:44:20
11:32:00,Chatrapati Sambhaji Udyan,11:46:48
11:32:00,PMC,11:49:16
11:32:00,District Court,11:51:44
11:32:00,Mangalwar Peth,11:54:12
11:32:00,Pune Railway Station,11:56:40
11:32:00,Ruby Hall Clinic,11:59:08
11:32:00,Bund Garden,12:01:36
11:32:00,Yerwada,12:04:04
11:32:00,Kalyani Nagar,12:06:32
11:32:00,Ramwadi,12:09:00
,,
11:42:00,Vanaz,11:42:00
11:42:00,Anand Nagar,11:44:28
11:42:00,Ideal Colony,11:46:56
11:42:00,Nal Stop,11:49:24
11:42:00,Garware College,11:51:52
11:42:00,Deccan Gymkhana,11:54:20
11:42:00,Chatrapati Sambhaji Udyan,11:56:48
11:42:00,PMC,11:59:16
11:42:00,District Court,12:01:44
11:42:00,Mangalwar Peth,12:04:12
11:42:00,Pune Railway Station,12:06:40
11:42:00,Ruby Hall Clinic,12:09:08
11:42:00,Bund Garden,12:11:36
11:42:00,Yerwada,12:14:04
11:42:00,Kalyani Nagar,12:16:32
11:42:00,Ramwadi,12:19:00
,,
11:52:00,Vanaz,11:52:00
11:52:00,Anand Nagar,11:54:28
11:52:00,Ideal Colony,11:56:56
11:52:00,Nal Stop,11:59:24
11:52:00,Garware College,12:01:52
11:52:00,Deccan Gymkhana,12:04:20
11:52:00,Chatrapati Sambhaji Udyan,12:06:48
11:52:00,PMC,12:09:16
11:52:00,District Court,12:11:44
11:52:00,Mangalwar Peth,12:14:12
11:52:00,Pune Railway Station,12:16:40
11:52:00,Ruby Hall Clinic,12:19:08
11:52:00,Bund Garden,12:21:36
11:52:00,Yerwada,12:24:04
11:52:00,Kalyani Nagar,12:26:32
11:52:00,Ramwadi,12:29:00
,,
12:02:00,Vanaz,12:02:00
12:02:00,Anand Nagar,12:04:28
12:02:00,Ideal Colony,12:06:56
12:02:00,Nal Stop,12:09:24
12:02:00,Garware College,12:11:52
12:02:00,Deccan Gymkhana,12:14:20
12:02:00,Chatrapati Sambhaji Udyan,12:16:48
12:02:00,PMC,12:19:16
12:02:00,District Court,12:21:44
12:02:00,Mangalwar Peth,12:24:12
12:02:00,Pune Railway Station,12:26:40
12:02:00,Ruby Hall Clinic,12:29:08
12:02:00,Bund Garden,12:31:36
12:02:00,Yerwada,12:34:04
12:02:00,Kalyani Nagar,12:36:32
12:02:00,Ramwadi,12:39:00
,,
12:12:00,Vanaz,12:12:00
12:12:00,Anand Nagar,12:14:28
12:12:00,Ideal Colony,12:16:56
12:12:00,Nal Stop,12:19:24
12:12:00,Garware College,12:21:52
12:12:00,Deccan Gymkhana,12:24:20
12:12:00,Chatrapati Sambhaji Udyan,12:26:48
12:12:00,PMC,12:29:16
12:12:00,District Court,12:31:44
12:12:00,Mangalwar Peth,12:34:12
12:12:00,Pune Railway Station,12:36:40
12:12:00,Ruby Hall Clinic,12:39:08
12:12:00,Bund Garden,12:41:36
12:12:00,Yerwada,12:44:04
12:12:00,Kalyani Nagar,12:46:32
12:12:00,Ramwadi,12:49:00
,,
12:22:00,Vanaz,12:22:00
12:22:00,Anand Nagar,12:24:28
12:22:00,Ideal Colony,12:26:56
12:22:00,Nal Stop,12:29:24
12:22:00,Garware College,12:31:52
12:22:00,Deccan Gymkhana,12:34:20
12:22:00,Chatrapati Sambhaji Udyan,12:36:48
12:22:00,PMC,12:39:16
12:22:00,District Court,12:41:44
12:22:00,Mangalwar Peth,12:44:12
12:22:00,Pune Railway Station,12:46:40
12:22:00,Ruby Hall Clinic,12:49:08
12:22:00,Bund Garden,12:51:36
12:22:00,Yerwada,12:54:04
12:22:00,Kalyani Nagar,12:56:32
12:22:00,Ramwadi,12:59:00
,,
12:32:00,Vanaz,12:32:00
12:32:00,Anand Nagar,12:34:28
12:32:00,Ideal Colony,12:36:56
12:32:00,Nal Stop,12:39:24
12:32:00,Garware College,12:41:52
12:32:00,Deccan Gymkhana,12:44:20
12:32:00,Chatrapati Sambhaji Udyan,12:46:48
12:32:00,PMC,12:49:16
12:32:00,District Court,12:51:44
12:32:00,Mangalwar Peth,12:54:12
12:32:00,Pune Railway Station,12:56:40
12:32:00,Ruby Hall Clinic,12:59:08
12:32:00,Bund Garden,13:01:36
12:32:00,Yerwada,13:04:04
12:32:00,Kalyani Nagar,13:06:32
12:32:00,Ramwadi,13:09:00
,,
12:42:00,Vanaz,12:42:00
12:42:00,Anand Nagar,12:44:28
12:42:00,Ideal Colony,12:46:56
12:42:00,Nal Stop,12:49:24
12:42:00,Garware College,12:51:52
12:42:00,Deccan Gymkhana,12:54:20
12:42:00,Chatrapati Sambhaji Udyan,12:56:48
12:42:00,PMC,12:59:16
12:42:00,District Court,13:01:44
12:42:00,Mangalwar Peth,13:04:12
12:42:00,Pune Railway Station,13:06:40
12:42:00,Ruby Hall Clinic,13:09:08
12:42:00,Bund Garden,13:11:36
12:42:00,Yerwada,13:14:04
12:42:00,Kalyani Nagar,13:16:32
12:42:00,Ramwadi,13:19:00
,,
12:52:00,Vanaz,12:52:00
12:52:00,Anand Nagar,12:54:28
12:52:00,Ideal Colony,12:56:56
12:52:00,Nal Stop,12:59:24
12:52:00,Garware College,13:01:52
12:52:00,Deccan Gymkhana,13:04:20
12:52:00,Chatrapati Sambhaji Udyan,13:06:48
12:52:00,PMC,13:09:16
12:52:00,District Court,13:11:44
12:52:00,Mangalwar Peth,13:14:12
12:52:00,Pune Railway Station,13:16:40
12:52:00,Ruby Hall Clinic,13:19:08
12:52:00,Bund Garden,13:21:36
12:52:00,Yerwada,13:24:04
12:52:00,Kalyani Nagar,13:26:32
12:52:00,Ramwadi,13:29:00
,,
13:02:00,Vanaz,13:02:00
13:02:00,Anand Nagar,13:04:28
13:02:00,Ideal Colony,13:06:56
13:02:00,Nal Stop,13:09:24
13:02:00,Garware College,13:11:52
13:02:00,Deccan Gymkhana,13:14:20
13:02:00,Chatrapati Sambhaji Udyan,13:16:48
13:02:00,PMC,13:19:16
13:02:00,District Court,13:21:44
13:02:00,Mangalwar Peth,13:24:12
13:02:00,Pune Railway Station,13:26:40
13:02:00,Ruby Hall Clinic,13:29:08
13:02:00,Bund Garden,13:31:36
13:02:00,Yerwada,13:34:04
13:02:00,Kalyani Nagar,13:36:32
13:02:00,Ramwadi,13:39:00
,,
13:12:00,Vanaz,13:12:00
13:12:00,Anand Nagar,13:14:28
13:12:00,Ideal Colony,13:16:56
13:12:00,Nal Stop,13:19:24
13:12:00,Garware College,13:21:52
13:12:00,Deccan Gymkhana,13:24:20
13:12:00,Chatrapati Sambhaji Udyan,13:26:48
13:12:00,PMC,13:29:16
13:12:00,District Court,13:31:44
13:12:00,Mangalwar Peth,13:34:12
13:12:00,Pune Railway Station,13:36:40
13:12:00,Ruby Hall Clinic,13:39:08
13:12:00,Bund Garden,13:41:36
13:12:00,Yerwada,13:44:04
13:12:00,Kalyani Nagar,13:46:32
13:12:00,Ramwadi,13:49:00
,,
13:22:00,Vanaz,13:22:00
13:22:00,Anand Nagar,13:24:28
13:22:00,Ideal Colony,13:26:56
13:22:00,Nal Stop,13:29:24
13:22:00,Garware College,13:31:52
13:22:00,Deccan Gymkhana,13:34:20
13:22:00,Chatrapati Sambhaji Udyan,13:36:48
13:22:00,PMC,13:39:16
13:22:00,District Court,13:41:44
13:22:00,Mangalwar Peth,13:44:12
13:22:00,Pune Railway Station,13:46:40
13:22:00,Ruby Hall Clinic,13:49:08
13:22:00,Bund Garden,13:51:36
13:22:00,Yerwada,13:54:04
13:22:00,Kalyani Nagar,13:56:32
13:22:00,Ramwadi,13:59:00
,,
13:32:00,Vanaz,13:32:00
13:32:00,Anand Nagar,13:34:28
13:32:00,Ideal Colony,13:36:56
13:32:00,Nal Stop,13:39:24
13:32:00,Garware College,13:41:52
13:32:00,Deccan Gymkhana,13:44:20
13:32:00,Chatrapati Sambhaji Udyan,13:46:48
13:32:00,PMC,13:49:16
13:32:00,District Court,13:51:44
13:32:00,Mangalwar Peth,13:54:12
13:32:00,Pune Railway Station,13:56:40
13:32:00,Ruby Hall Clinic,13:59:08
13:32:00,Bund Garden,14:01:36
13:32:00,Yerwada,14:04:04
13:32:00,Kalyani Nagar,14:06:32
13:32:00,Ramwadi,14:09:00
,,
13:42:00,Vanaz,13:42:00
13:42:00,Anand Nagar,13:44:28
13:42:00,Ideal Colony,13:46:56
13:42:00,Nal Stop,13:49:24
13:42:00,Garware College,13:51:52
13:42:00,Deccan Gymkhana,13:54:20
13:42:00,Chatrapati Sambhaji Udyan,13:56:48
13:42:00,PMC,13:59:16
13:42:00,District Court,14:01:44
13:42:00,Mangalwar Peth,14:04:12
13:42:00,Pune Railway Station,14:06:40
13:42:00,Ruby Hall Clinic,14:09:08
13:42:00,Bund Garden,14:11:36
13:42:00,Yerwada,14:14:04
13:42:00,Kalyani Nagar,14:16:32
13:42:00,Ramwadi,14:19:00
,,
13:52:00,Vanaz,13:52:00
13:52:00,Anand Nagar,13:54:28
13:52:00,Ideal Colony,13:56:56
13:52:00,Nal Stop,13:59:24
13:52:00,Garware College,14:01:52
13:52:00,Deccan Gymkhana,14:04:20
13:52:00,Chatrapati Sambhaji Udyan,14:06:48
13:52:00,PMC,14:09:16
13:52:00,District Court,14:11:44
13:52:00,Mangalwar Peth,14:14:12
13:52:00,Pune Railway Station,14:16:40
13:52:00,Ruby Hall Clinic,14:19:08
13:52:00,Bund Garden,14:21:36
13:52:00,Yerwada,14:24:04
13:52:00,Kalyani Nagar,14:26:32
13:52:00,Ramwadi,14:29:00
,,
14:02:00,Vanaz,14:02:00
14:02:00,Anand Nagar,14:04:28
14:02:00,Ideal Colony,14:06:56
14:02:00,Nal Stop,14:09:24
14:02:00,Garware College,14:11:52
14:02:00,Deccan Gymkhana,14:14:20
14:02:00,Chatrapati Sambhaji Udyan,14:16:48
14:02:00,PMC,14:19:16
14:02:00,District Court,14:21:44
14:02:00,Mangalwar Peth,14:24:12
14:02:00,Pune Railway Station,14:26:40
14:02:00,Ruby Hall Clinic,14:29:08
14:02:00,Bund Garden,14:31:36
14:02:00,Yerwada,14:34:04
14:02:00,Kalyani Nagar,14:36:32
14:02:00,Ramwadi,14:39:00
,,
14:12:00,Vanaz,14:12:00
14:12:00,Anand Nagar,14:14:28
14:12:00,Ideal Colony,14:16:56
14:12:00,Nal Stop,14:19:24
14:12:00,Garware College,14:21:52
14:12:00,Deccan Gymkhana,14:24:20
14:12:00,Chatrapati Sambhaji Udyan,14:26:48
14:12:00,PMC,14:29:16
14:12:00,District Court,14:31:44
14:12:00,Mangalwar Peth,14:34:12
14:12:00,Pune Railway Station,14:36:40
14:12:00,Ruby Hall Clinic,14:39:08
14:12:00,Bund Garden,14:41:36
14:12:00,Yerwada,14:44:04
14:12:00,Kalyani Nagar,14:46:32
14:12:00,Ramwadi,14:49:00
,,
14:22:00,Vanaz,14:22:00
14:22:00,Anand Nagar,14:24:28
14:22:00,Ideal Colony,14:26:56
14:22:00,Nal Stop,14:29:24
14:22:00,Garware College,14:31:52
14:22:00,Deccan Gymkhana,14:34:20
14:22:00,Chatrapati Sambhaji Udyan,14:36:48
14:22:00,PMC,14:39:16
14:22:00,District Court,14:41:44
14:22:00,Mangalwar Peth,14:44:12
14:22:00,Pune Railway Station,14:46:40
14:22:00,Ruby Hall Clinic,14:49:08
14:22:00,Bund Garden,14:51:36
14:22:00,Yerwada,14:54:04
14:22:00,Kalyani Nagar,14:56:32
14:22:00,Ramwadi,14:59:00
,,
14:32:00,Vanaz,14:32:00
14:32:00,Anand Nagar,14:34:28
14:32:00,Ideal Colony,14:36:56
14:32:00,Nal Stop,14:39:24
14:32:00,Garware College,14:41:52
14:32:00,Deccan Gymkhana,14:44:20
14:32:00,Chatrapati Sambhaji Udyan,14:46:48
14:32:00,PMC,14:49:16
14:32:00,District Court,14:51:44
14:32:00,Mangalwar Peth,14:54:12
14:32:00,Pune Railway Station,14:56:40
14:32:00,Ruby Hall Clinic,14:59:08
14:32:00,Bund Garden,15:01:36
14:32:00,Yerwada,15:04:04
14:32:00,Kalyani Nagar,15:06:32
14:32:00,Ramwadi,15:09:00
,,
14:42:00,Vanaz,14:42:00
14:42:00,Anand Nagar,14:44:28
14:42:00,Ideal Colony,14:46:56
14:42:00,Nal Stop,14:49:24
14:42:00,Garware College,14:51:52
14:42:00,Deccan Gymkhana,14:54:20
14:42:00,Chatrapati Sambhaji Udyan,14:56:48
14:42:00,PMC,14:59:16
14:42:00,District Court,15:01:44
14:42:00,Mangalwar Peth,15:04:12
14:42:00,Pune Railway Station,15:06:40
14:42:00,Ruby Hall Clinic,15:09:08
14:42:00,Bund Garden,15:11:36
14:42:00,Yerwada,15:14:04
14:42:00,Kalyani Nagar,15:16:32
14:42:00,Ramwadi,15:19:00
,,
14:52:00,Vanaz,14:52:00
14:52:00,Anand Nagar,14:54:28
14:52:00,Ideal Colony,14:56:56
14:52:00,Nal Stop,14:59:24
14:52:00,Garware College,15:01:52
14:52:00,Deccan Gymkhana,15:04:20
14:52:00,Chatrapati Sambhaji Udyan,15:06:48
14:52:00,PMC,15:09:16
14:52:00,District Court,15:11:44
14:52:00,Mangalwar Peth,15:14:12
14:52:00,Pune Railway Station,15:16:40
14:52:00,Ruby Hall Clinic,15:19:08
14:52:00,Bund Garden,15:21:36
14:52:00,Yerwada,15:24:04
14:52:00,Kalyani Nagar,15:26:32
14:52:00,Ramwadi,15:29:00
,,
15:02:00,Vanaz,15:02:00
15:02:00,Anand Nagar,15:04:28
15:02:00,Ideal Colony,15:06:56
15:02:00,Nal Stop,15:09:24
15:02:00,Garware College,15:11:52
15:02:00,Deccan Gymkhana,15:14:20
15:02:00,Chatrapati Sambhaji Udyan,15:16:48
15:02:00,PMC,15:19:16
15:02:00,District Court,15:21:44
15:02:00,Mangalwar Peth,15:24:12
15:02:00,Pune Railway Station,15:26:40
15:02:00,Ruby Hall Clinic,15:29:08
15:02:00,Bund Garden,15:31:36
15:02:00,Yerwada,15:34:04
15:02:00,Kalyani Nagar,15:36:32
15:02:00,Ramwadi,15:39:00
,,
15:12:00,Vanaz,15:12:00
15:12:00,Anand Nagar,15:14:28
15:12:00,Ideal Colony,15:16:56
15:12:00,Nal Stop,15:19:24
15:12:00,Garware College,15:21:52
15:12:00,Deccan Gymkhana,15:24:20
15:12:00,Chatrapati Sambhaji Udyan,15:26:48
15:12:00,PMC,15:29:16
15:12:00,District Court,15:31:44
15:12:00,Mangalwar Peth,15:34:12
15:12:00,Pune Railway Station,15:36:40
15:12:00,Ruby Hall Clinic,15:39:08
15:12:00,Bund Garden,15:41:36
15:12:00,Yerwada,15:44:04
15:12:00,Kalyani Nagar,15:46:32
15:12:00,Ramwadi,15:49:00
,,
15:22:00,Vanaz,15:22:00
15:22:00,Anand Nagar,15:24:28
15:22:00,Ideal Colony,15:26:56
15:22:00,Nal Stop,15:29:24
15:22:00,Garware College,15:31:52
15:22:00,Deccan Gymkhana,15:34:20
15:22:00,Chatrapati Sambhaji Udyan,15:36:48
15:22:00,PMC,15:39:16
15:22:00,District Court,15:41:44
15:22:00,Mangalwar Peth,15:44:12
15:22:00,Pune Railway Station,15:46:40
15:22:00,Ruby Hall Clinic,15:49:08
15:22:00,Bund Garden,15:51:36
15:22:00,Yerwada,15:54:04
15:22:00,Kalyani Nagar,15:56:32
15:22:00,Ramwadi,15:59:00
,,
15:32:00,Vanaz,15:32:00
15:32:00,Anand Nagar,15:34:28
15:32:00,Ideal Colony,15:36:56
15:32:00,Nal Stop,15:39:24
15:32:00,Garware College,15:41:52
15:32:00,Deccan Gymkhana,15:44:20
15:32:00,Chatrapati Sambhaji Udyan,15:46:48
15:32:00,PMC,15:49:16
15:32:00,District Court,15:51:44
15:32:00,Mangalwar Peth,15:54:12
15:32:00,Pune Railway Station,15:56:40
15:32:00,Ruby Hall Clinic,15:59:08
15:32:00,Bund Garden,16:01:36
15:32:00,Yerwada,16:04:04
15:32:00,Kalyani Nagar,16:06:32
15:32:00,Ramwadi,16:09:00
,,
15:42:00,Vanaz,15:42:00
15:42:00,Anand Nagar,15:44:28
15:42:00,Ideal Colony,15:46:56
15:42:00,Nal Stop,15:49:24
15:42:00,Garware College,15:51:52
15:42:00,Deccan Gymkhana,15:54:20
15:42:00,Chatrapati Sambhaji Udyan,15:56:48
15:42:00,PMC,15:59:16
15:42:00,District Court,16:01:44
15:42:00,Mangalwar Peth,16:04:12
15:42:00,Pune Railway Station,16:06:40
15:42:00,Ruby Hall Clinic,16:09:08
15:42:00,Bund Garden,16:11:36
15:42:00,Yerwada,16:14:04
15:42:00,Kalyani Nagar,16:16:32
15:42:00,Ramwadi,16:19:00
,,
15:52:00,Vanaz,15:52:00
15:52:00,Anand Nagar,15:54:28
15:52:00,Ideal Colony,15:56:56
15:52:00,Nal Stop,15:59:24
15:52:00,Garware College,16:01:52
15:52:00,Deccan Gymkhana,16:04:20
15:52:00,Chatrapati Sambhaji Udyan,16:06:48
15:52:00,PMC,16:09:16
15:52:00,District Court,16:11:44
15:52:00,Mangalwar Peth,16:14:12
15:52:00,Pune Railway Station,16:16:40
15:52:00,Ruby Hall Clinic,16:19:08
15:52:00,Bund Garden,16:21:36
15:52:00,Yerwada,16:24:04
15:52:00,Kalyani Nagar,16:26:32
15:52:00,Ramwadi,16:29:00
,,
16:02:00,Vanaz,16:02:00
16:02:00,Anand Nagar,16:04:28
16:02:00,Ideal Colony,16:06:56
16:02:00,Nal Stop,16:09:24
16:02:00,Garware College,16:11:52
16:02:00,Deccan Gymkhana,16:14:20
16:02:00,Chatrapati Sambhaji Udyan,16:16:48
16:02:00,PMC,16:19:16
16:02:00,District Court,16:21:44
16:02:00,Mangalwar Peth,16:24:12
16:02:00,Pune Railway Station,16:26:40
16:02:00,Ruby Hall Clinic,16:29:08
16:02:00,Bund Garden,16:31:36
16:02:00,Yerwada,16:34:04
16:02:00,Kalyani Nagar,16:36:32
16:02:00,Ramwadi,16:39:00
,,
16:09:00,Vanaz,16:09:00
16:09:00,Anand Nagar,16:11:28
16:09:00,Ideal Colony,16:13:56
16:09:00,Nal Stop,16:16:24
16:09:00,Garware College,16:18:52
16:09:00,Deccan Gymkhana,16:21:20
16:09:00,Chatrapati Sambhaji Udyan,16:23:48
16:09:00,PMC,16:26:16
16:09:00,District Court,16:28:44
16:09:00,Mangalwar Peth,16:31:12
16:09:00,Pune Railway Station,16:33:40
16:09:00,Ruby Hall Clinic,16:36:08
16:09:00,Bund Garden,16:38:36
16:09:00,Yerwada,16:41:04
16:09:00,Kalyani Nagar,16:43:32
16:09:00,Ramwadi,16:46:00
,,
16:16:00,Vanaz,16:16:00
16:16:00,Anand Nagar,16:18:28
16:16:00,Ideal Colony,16:20:56
16:16:00,Nal Stop,16:23:24
16:16:00,Garware College,16:25:52
16:16:00,Deccan Gymkhana,16:28:20
16:16:00,Chatrapati Sambhaji Udyan,16:30:48
16:16:00,PMC,16:33:16
16:16:00,District Court,16:35:44
16:16:00,Mangalwar Peth,16:38:12
16:16:00,Pune Railway Station,16:40:40
16:16:00,Ruby Hall Clinic,16:43:08
16:16:00,Bund Garden,16:45:36
16:16:00,Yerwada,16:48:04
16:16:00,Kalyani Nagar,16:50:32
16:16:00,Ramwadi,16:53:00
,,
16:23:00,Vanaz,16:23:00
16:23:00,Anand Nagar,16:25:28
16:23:00,Ideal Colony,16:27:56
16:23:00,Nal Stop,16:30:24
16:23:00,Garware College,16:32:52
16:23:00,Deccan Gymkhana,16:35:20
16:23:00,Chatrapati Sambhaji Udyan,16:37:48
16:23:00,PMC,16:40:16
16:23:00,District Court,16:42:44
16:23:00,Mangalwar Peth,16:45:12
16:23:00,Pune Railway Station,16:47:40
16:23:00,Ruby Hall Clinic,16:50:08
16:23:00,Bund Garden,16:52:36
16:23:00,Yerwada,16:55:04
16:23:00,Kalyani Nagar,16:57:32
16:23:00,Ramwadi,17:00:00
,,
16:30:00,Vanaz,16:30:00
16:30:00,Anand Nagar,16:32:28
16:30:00,Ideal Colony,16:34:56
16:30:00,Nal Stop,16:37:24
16:30:00,Garware College,16:39:52
16:30:00,Deccan Gymkhana,16:42:20
16:30:00,Chatrapati Sambhaji Udyan,16:44:48
16:30:00,PMC,16:47:16
16:30:00,District Court,16:49:44
16:30:00,Mangalwar Peth,16:52:12
16:30:00,Pune Railway Station,16:54:40
16:30:00,Ruby Hall Clinic,16:57:08
16:30:00,Bund Garden,16:59:36
16:30:00,Yerwada,17:02:04
16:30:00,Kalyani Nagar,17:04:32
16:30:00,Ramwadi,17:07:00
,,
16:37:00,Vanaz,16:37:00
16:37:00,Anand Nagar,16:39:28
16:37:00,Ideal Colony,16:41:56
16:37:00,Nal Stop,16:44:24
16:37:00,Garware College,16:46:52
16:37:00,Deccan Gymkhana,16:49:20
16:37:00,Chatrapati Sambhaji Udyan,16:51:48
16:37:00,PMC,16:54:16
16:37:00,District Court,16:56:44
16:37:00,Mangalwar Peth,16:59:12
16:37:00,Pune Railway Station,17:01:40
16:37:00,Ruby Hall Clinic,17:04:08
16:37:00,Bund Garden,17:06:36
16:37:00,Yerwada,17:09:04
16:37:00,Kalyani Nagar,17:11:32
16:37:00,Ramwadi,17:14:00
,,
16:44:00,Vanaz,16:44:00
16:44:00,Anand Nagar,16:46:28
16:44:00,Ideal Colony,16:48:56
16:44:00,Nal Stop,16:51:24
16:44:00,Garware College,16:53:52
16:44:00,Deccan Gymkhana,16:56:20
16:44:00,Chatrapati Sambhaji Udyan,16:58:48
16:44:00,PMC,17:01:16
16:44:00,District Court,17:03:44
16:44:00,Mangalwar Peth,17:06:12
16:44:00,Pune Railway Station,17:08:40
16:44:00,Ruby Hall Clinic,17:11:08
16:44:00,Bund Garden,17:13:36
16:44:00,Yerwada,17:16:04
16:44:00,Kalyani Nagar,17:18:32
16:44:00,Ramwadi,17:21:00
,,
16:51:00,Vanaz,16:51:00
16:51:00,Anand Nagar,16:53:28
16:51:00,Ideal Colony,16:55:56
16:51:00,Nal Stop,16:58:24
16:51:00,Garware College,17:00:52
16:51:00,Deccan Gymkhana,17:03:20
16:51:00,Chatrapati Sambhaji Udyan,17:05:48
16:51:00,PMC,17:08:16
16:51:00,District Court,17:10:44
16:51:00,Mangalwar Peth,17:13:12
16:51:00,Pune Railway Station,17:15:40
16:51:00,Ruby Hall Clinic,17:18:08
16:51:00,Bund Garden,17:20:36
16:51:00,Yerwada,17:23:04
16:51:00,Kalyani Nagar,17:25:32
16:51:00,Ramwadi,17:28:00
,,
16:58:00,Vanaz,16:58:00
16:58:00,Anand Nagar,17:00:28
16:58:00,Ideal Colony,17:02:56
16:58:00,Nal Stop,17:05:24
16:58:00,Garware College,17:07:52
16:58:00,Deccan Gymkhana,17:10:20
16:58:00,Chatrapati Sambhaji Udyan,17:12:48
16:58:00,PMC,17:15:16
16:58:00,District Court,17:17:44
16:58:00,Mangalwar Peth,17:20:12
16:58:00,Pune Railway Station,17:22:40
16:58:00,Ruby Hall Clinic,17:25:08
16:58:00,Bund Garden,17:27:36
16:58:00,Yerwada,17:30:04
16:58:00,Kalyani Nagar,17:32:32
16:58:00,Ramwadi,17:35:00
,,
17:05:00,Vanaz,17:05:00
17:05:00,Anand Nagar,17:07:28
17:05:00,Ideal Colony,17:09:56
17:05:00,Nal Stop,17:12:24
17:05:00,Garware College,17:14:52
17:05:00,Deccan Gymkhana,17:17:20
17:05:00,Chatrapati Sambhaji Udyan,17:19:48
17:05:00,PMC,17:22:16
17:05:00,District Court,17:24:44
17:05:00,Mangalwar Peth,17:27:12
17:05:00,Pune Railway Station,17:29:40
17:05:00,Ruby Hall Clinic,17:32:08
17:05:00,Bund Garden,17:34:36
17:05:00,Yerwada,17:37:04
17:05:00,Kalyani Nagar,17:39:32
17:05:00,Ramwadi,17:42:00
,,
17:12:00,Vanaz,17:12:00
17:12:00,Anand Nagar,17:14:28
17:12:00,Ideal Colony,17:16:56
17:12:00,Nal Stop,17:19:24
17:12:00,Garware College,17:21:52
17:12:00,Deccan Gymkhana,17:24:20
17:12:00,Chatrapati Sambhaji Udyan,17:26:48
17:12:00,PMC,17:29:16
17:12:00,District Court,17:31:44
17:12:00,Mangalwar Peth,17:34:12
17:12:00,Pune Railway Station,17:36:40
17:12:00,Ruby Hall Clinic,17:39:08
17:12:00,Bund Garden,17:41:36
17:12:00,Yerwada,17:44:04
17:12:00,Kalyani Nagar,17:46:32
17:12:00,Ramwadi,17:49:00
,,
17:19:00,Vanaz,17:19:00
17:19:00,Anand Nagar,17:21:28
17:19:00,Ideal Colony,17:23:56
17:19:00,Nal Stop,17:26:24
17:19:00,Garware College,17:28:52
17:19:00,Deccan Gymkhana,17:31:20
17:19:00,Chatrapati Sambhaji Udyan,17:33:48
17:19:00,PMC,17:36:16
17:19:00,District Court,17:38:44
17:19:00,Mangalwar Peth,17:41:12
17:19:00,Pune Railway Station,17:43:40
17:19:00,Ruby Hall Clinic,17:46:08
17:19:00,Bund Garden,17:48:36
17:19:00,Yerwada,17:51:04
17:19:00,Kalyani Nagar,17:53:32
17:19:00,Ramwadi,17:56:00
,,
17:26:00,Vanaz,17:26:00
17:26:00,Anand Nagar,17:28:28
17:26:00,Ideal Colony,17:30:56
17:26:00,Nal Stop,17:33:24
17:26:00,Garware College,17:35:52
17:26:00,Deccan Gymkhana,17:38:20
17:26:00,Chatrapati Sambhaji Udyan,17:40:48
17:26:00,PMC,17:43:16
17:26:00,District Court,17:45:44
17:26:00,Mangalwar Peth,17:48:12
17:26:00,Pune Railway Station,17:50:40
17:26:00,Ruby Hall Clinic,17:53:08
17:26:00,Bund Garden,17:55:36
17:26:00,Yerwada,17:58:04
17:26:00,Kalyani Nagar,18:00:32
17:26:00,Ramwadi,18:03:00
,,
17:33:00,Vanaz,17:33:00
17:33:00,Anand Nagar,17:35:28
17:33:00,Ideal Colony,17:37:56
17:33:00,Nal Stop,17:40:24
17:33:00,Garware College,17:42:52
17:33:00,Deccan Gymkhana,17:45:20
17:33:00,Chatrapati Sambhaji Udyan,17:47:48
17:33:00,PMC,17:50:16
17:33:00,District Court,17:52:44
17:33:00,Mangalwar Peth,17:55:12
17:33:00,Pune Railway Station,17:57:40
17:33:00,Ruby Hall Clinic,18:00:08
17:33:00,Bund Garden,18:02:36
17:33:00,Yerwada,18:05:04
17:33:00,Kalyani Nagar,18:07:32
17:33:00,Ramwadi,18:10:00
,,
17:40:00,Vanaz,17:40:00
17:40:00,Anand Nagar,17:42:28
17:40:00,Ideal Colony,17:44:56
17:40:00,Nal Stop,17:47:24
17:40:00,Garware College,17:49:52
17:40:00,Deccan Gymkhana,17:52:20
17:40:00,Chatrapati Sambhaji Udyan,17:54:48
17:40:00,PMC,17:57:16
17:40:00,District Court,17:59:44
17:40:00,Mangalwar Peth,18:02:12
17:40:00,Pune Railway Station,18:04:40
17:40:00,Ruby Hall Clinic,18:07:08
17:40:00,Bund Garden,18:09:36
17:40:00,Yerwada,18:12:04
17:40:00,Kalyani Nagar,18:14:32
17:40:00,Ramwadi,18:17:00
,,
17:47:00,Vanaz,17:47:00
17:47:00,Anand Nagar,17:49:28
17:47:00,Ideal Colony,17:51:56
17:47:00,Nal Stop,17:54:24
17:47:00,Garware College,17:56:52
17:47:00,Deccan Gymkhana,17:59:20
17:47:00,Chatrapati Sambhaji Udyan,18:01:48
17:47:00,PMC,18:04:16
17:47:00,District Court,18:06:44
17:47:00,Mangalwar Peth,18:09:12
17:47:00,Pune Railway Station,18:11:40
17:47:00,Ruby Hall Clinic,18:14:08
17:47:00,Bund Garden,18:16:36
17:47:00,Yerwada,18:19:04
17:47:00,Kalyani Nagar,18:21:32
17:47:00,Ramwadi,18:24:00
,,
17:54:00,Vanaz,17:54:00
17:54:00,Anand Nagar,17:56:28
17:54:00,Ideal Colony,17:58:56
17:54:00,Nal Stop,18:01:24
17:54:00,Garware College,18:03:52
17:54:00,Deccan Gymkhana,18:06:20
17:54:00,Chatrapati Sambhaji Udyan,18:08:48
17:54:00,PMC,18:11:16
17:54:00,District Court,18:13:44
17:54:00,Mangalwar Peth,18:16:12
17:54:00,Pune Railway Station,18:18:40
17:54:00,Ruby Hall Clinic,18:21:08
17:54:00,Bund Garden,18:23:36
17:54:00,Yerwada,18:26:04
17:54:00,Kalyani Nagar,18:28:32
17:54:00,Ramwadi,18:31:00
,,
18:01:00,Vanaz,18:01:00
18:01:00,Anand Nagar,18:03:28
18:01:00,Ideal Colony,18:05:56
18:01:00,Nal Stop,18:08:24
18:01:00,Garware College,18:10:52
18:01:00,Deccan Gymkhana,18:13:20
18:01:00,Chatrapati Sambhaji Udyan,18:15:48
18:01:00,PMC,18:18:16
18:01:00,District Court,18:20:44
18:01:00,Mangalwar Peth,18:23:12
18:01:00,Pune Railway Station,18:25:40
18:01:00,Ruby Hall Clinic,18:28:08
18:01:00,Bund Garden,18:30:36
18:01:00,Yerwada,18:33:04
18:01:00,Kalyani Nagar,18:35:32
18:01:00,Ramwadi,18:38:00
,,
18:08:00,Vanaz,18:08:00
18:08:00,Anand Nagar,18:10:28
18:08:00,Ideal Colony,18:12:56
18:08:00,Nal Stop,18:15:24
18:08:00,Garware College,18:17:52
18:08:00,Deccan Gymkhana,18:20:20
18:08:00,Chatrapati Sambhaji Udyan,18:22:48
18:08:00,PMC,18:25:16
18:08:00,District Court,18:27:44
18:08:00,Mangalwar Peth,18:30:12
18:08:00,Pune Railway Station,18:32:40
18:08:00,Ruby Hall Clinic,18:35:08
18:08:00,Bund Garden,18:37:36
18:08:00,Yerwada,18:40:04
18:08:00,Kalyani Nagar,18:42:32
18:08:00,Ramwadi,18:45:00
,,
18:15:00,Vanaz,18:15:00
18:15:00,Anand Nagar,18:17:28
18:15:00,Ideal Colony,18:19:56
18:15:00,Nal Stop,18:22:24
18:15:00,Garware College,18:24:52
18:15:00,Deccan Gymkhana,18:27:20
18:15:00,Chatrapati Sambhaji Udyan,18:29:48
18:15:00,PMC,18:32:16
18:15:00,District Court,18:34:44
18:15:00,Mangalwar Peth,18:37:12
18:15:00,Pune Railway Station,18:39:40
18:15:00,Ruby Hall Clinic,18:42:08
18:15:00,Bund Garden,18:44:36
18:15:00,Yerwada,18:47:04
18:15:00,Kalyani Nagar,18:49:32
18:15:00,Ramwadi,18:52:00
,,
18:22:00,Vanaz,18:22:00
18:22:00,Anand Nagar,18:24:28
18:22:00,Ideal Colony,18:26:56
18:22:00,Nal Stop,18:29:24
18:22:00,Garware College,18:31:52
18:22:00,Deccan Gymkhana,18:34:20
18:22:00,Chatrapati Sambhaji Udyan,18:36:48
18:22:00,PMC,18:39:16
18:22:00,District Court,18:41:44
18:22:00,Mangalwar Peth,18:44:12
18:22:00,Pune Railway Station,18:46:40
18:22:00,Ruby Hall Clinic,18:49:08
18:22:00,Bund Garden,18:51:36
18:22:00,Yerwada,18:54:04
18:22:00,Kalyani Nagar,18:56:32
18:22:00,Ramwadi,18:59:00
,,
18:29:00,Vanaz,18:29:00
18:29:00,Anand Nagar,18:31:28
18:29:00,Ideal Colony,18:33:56
18:29:00,Nal Stop,18:36:24
18:29:00,Garware College,18:38:52
18:29:00,Deccan Gymkhana,18:41:20
18:29:00,Chatrapati Sambhaji Udyan,18:43:48
18:29:00,PMC,18:46:16
18:29:00,District Court,18:48:44
18:29:00,Mangalwar Peth,18:51:12
18:29:00,Pune Railway Station,18:53:40
18:29:00,Ruby Hall Clinic,18:56:08
18:29:00,Bund Garden,18:58:36
18:29:00,Yerwada,19:01:04
18:29:00,Kalyani Nagar,19:03:32
18:29:00,Ramwadi,19:06:00
,,
18:36:00,Vanaz,18:36:00
18:36:00,Anand Nagar,18:38:28
18:36:00,Ideal Colony,18:40:56
18:36:00,Nal Stop,18:43:24
18:36:00,Garware College,18:45:52
18:36:00,Deccan Gymkhana,18:48:20
18:36:00,Chatrapati Sambhaji Udyan,18:50:48
18:36:00,PMC,18:53:16
18:36:00,District Court,18:55:44
18:36:00,Mangalwar Peth,18:58:12
18:36:00,Pune Railway Station,19:00:40
18:36:00,Ruby Hall Clinic,19:03:08
18:36:00,Bund Garden,19:05:36
18:36:00,Yerwada,19:08:04
18:36:00,Kalyani Nagar,19:10:32
18:36:00,Ramwadi,19:13:00
,,
18:43:00,Vanaz,18:43:00
18:43:00,Anand Nagar,18:45:28
18:43:00,Ideal Colony,18:47:56
18:43:00,Nal Stop,18:50:24
18:43:00,Garware College,18:52:52
18:43:00,Deccan Gymkhana,18:55:20
18:43:00,Chatrapati Sambhaji Udyan,18:57:48
18:43:00,PMC,19:00:16
18:43:00,District Court,19:02:44
18:43:00,Mangalwar Peth,19:05:12
18:43:00,Pune Railway Station,19:07:40
18:43:00,Ruby Hall Clinic,19:10:08
18:43:00,Bund Garden,19:12:36
18:43:00,Yerwada,19:15:04
18:43:00,Kalyani Nagar,19:17:32
18:43:00,Ramwadi,19:20:00
,,
18:50:00,Vanaz,18:50:00
18:50:00,Anand Nagar,18:52:28
18:50:00,Ideal Colony,18:54:56
18:50:00,Nal Stop,18:57:24
18:50:00,Garware College,18:59:52
18:50:00,Deccan Gymkhana,19:02:20
18:50:00,Chatrapati Sambhaji Udyan,19:04:48
18:50:00,PMC,19:07:16
18:50:00,District Court,19:09:44
18:50:00,Mangalwar Peth,19:12:12
18:50:00,Pune Railway Station,19:14:40
18:50:00,Ruby Hall Clinic,19:17:08
18:50:00,Bund Garden,19:19:36
18:50:00,Yerwada,19:22:04
18:50:00,Kalyani Nagar,19:24:32
18:50:00,Ramwadi,19:27:00
,,
18:57:00,Vanaz,18:57:00
18:57:00,Anand Nagar,18:59:28
18:57:00,Ideal Colony,19:01:56
18:57:00,Nal Stop,19:04:24
18:57:00,Garware College,19:06:52
18:57:00,Deccan Gymkhana,19:09:20
18:57:00,Chatrapati Sambhaji Udyan,19:11:48
18:57:00,PMC,19:14:16
18:57:00,District Court,19:16:44
18:57:00,Mangalwar Peth,19:19:12
18:57:00,Pune Railway Station,19:21:40
18:57:00,Ruby Hall Clinic,19:24:08
18:57:00,Bund Garden,19:26:36
18:57:00,Yerwada,19:29:04
18:57:00,Kalyani Nagar,19:31:32
18:57:00,Ramwadi,19:34:00
,,
19:04:00,Vanaz,19:04:00
19:04:00,Anand Nagar,19:06:28
19:04:00,Ideal Colony,19:08:56
19:04:00,Nal Stop,19:11:24
19:04:00,Garware College,19:13:52
19:04:00,Deccan Gymkhana,19:16:20
19:04:00,Chatrapati Sambhaji Udyan,19:18:48
19:04:00,PMC,19:21:16
19:04:00,District Court,19:23:44
19:04:00,Mangalwar Peth,19:26:12
19:04:00,Pune Railway Station,19:28:40
19:04:00,Ruby Hall Clinic,19:31:08
19:04:00,Bund Garden,19:33:36
19:04:00,Yerwada,19:36:04
19:04:00,Kalyani Nagar,19:38:32
19:04:00,Ramwadi,19:41:00
,,
19:11:00,Vanaz,19:11:00
19:11:00,Anand Nagar,19:13:28
19:11:00,Ideal Colony,19:15:56
19:11:00,Nal Stop,19:18:24
19:11:00,Garware College,19:20:52
19:11:00,Deccan Gymkhana,19:23:20
19:11:00,Chatrapati Sambhaji Udyan,19:25:48
19:11:00,PMC,19:28:16
19:11:00,District Court,19:30:44
19:11:00,Mangalwar Peth,19:33:12
19:11:00,Pune Railway Station,19:35:40
19:11:00,Ruby Hall Clinic,19:38:08
19:11:00,Bund Garden,19:40:36
19:11:00,Yerwada,19:43:04
19:11:00,Kalyani Nagar,19:45:32
19:11:00,Ramwadi,19:48:00
,,
19:18:00,Vanaz,19:18:00
19:18:00,Anand Nagar,19:20:28
19:18:00,Ideal Colony,19:22:56
19:18:00,Nal Stop,19:25:24
19:18:00,Garware College,19:27:52
19:18:00,Deccan Gymkhana,19:30:20
19:18:00,Chatrapati Sambhaji Udyan,19:32:48
19:18:00,PMC,19:35:16
19:18:00,District Court,19:37:44
19:18:00,Mangalwar Peth,19:40:12
19:18:00,Pune Railway Station,19:42:40
19:18:00,Ruby Hall Clinic,19:45:08
19:18:00,Bund Garden,19:47:36
19:18:00,Yerwada,19:50:04
19:18:00,Kalyani Nagar,19:52:32
19:18:00,Ramwadi,19:55:00
,,
19:25:00,Vanaz,19:25:00
19:25:00,Anand Nagar,19:27:28
19:25:00,Ideal Colony,19:29:56
19:25:00,Nal Stop,19:32:24
19:25:00,Garware College,19:34:52
19:25:00,Deccan Gymkhana,19:37:20
19:25:00,Chatrapati Sambhaji Udyan,19:39:48
19:25:00,PMC,19:42:16
19:25:00,District Court,19:44:44
19:25:00,Mangalwar Peth,19:47:12
19:25:00,Pune Railway Station,19:49:40
19:25:00,Ruby Hall Clinic,19:52:08
19:25:00,Bund Garden,19:54:36
19:25:00,Yerwada,19:57:04
19:25:00,Kalyani Nagar,19:59:32
19:25:00,Ramwadi,20:02:00
,,
19:32:00,Vanaz,19:32:00
19:32:00,Anand Nagar,19:34:28
19:32:00,Ideal Colony,19:36:56
19:32:00,Nal Stop,19:39:24
19:32:00,Garware College,19:41:52
19:32:00,Deccan Gymkhana,19:44:20
19:32:00,Chatrapati Sambhaji Udyan,19:46:48
19:32:00,PMC,19:49:16
19:32:00,District Court,19:51:44
19:32:00,Mangalwar Peth,19:54:12
19:32:00,Pune Railway Station,19:56:40
19:32:00,Ruby Hall Clinic,19:59:08
19:32:00,Bund Garden,20:01:36
19:32:00,Yerwada,20:04:04
19:32:00,Kalyani Nagar,20:06:32
19:32:00,Ramwadi,20:09:00
,,
19:39:00,Vanaz,19:39:00
19:39:00,Anand Nagar,19:41:28
19:39:00,Ideal Colony,19:43:56
19:39:00,Nal Stop,19:46:24
19:39:00,Garware College,19:48:52
19:39:00,Deccan Gymkhana,19:51:20
19:39:00,Chatrapati Sambhaji Udyan,19:53:48
19:39:00,PMC,19:56:16
19:39:00,District Court,19:58:44
19:39:00,Mangalwar Peth,20:01:12
19:39:00,Pune Railway Station,20:03:40
19:39:00,Ruby Hall Clinic,20:06:08
19:39:00,Bund Garden,20:08:36
19:39:00,Yerwada,20:11:04
19:39:00,Kalyani Nagar,20:13:32
19:39:00,Ramwadi,20:16:00
,,
19:46:00,Vanaz,19:46:00
19:46:00,Anand Nagar,19:48:28
19:46:00,Ideal Colony,19:50:56
19:46:00,Nal Stop,19:53:24
19:46:00,Garware College,19:55:52
19:46:00,Deccan Gymkhana,19:58:20
19:46:00,Chatrapati Sambhaji Udyan,20:00:48
19:46:00,PMC,20:03:16
19:46:00,District Court,20:05:44
19:46:00,Mangalwar Peth,20:08:12
19:46:00,Pune Railway Station,20:10:40
19:46:00,Ruby Hall Clinic,20:13:08
19:46:00,Bund Garden,20:15:36
19:46:00,Yerwada,20:18:04
19:46:00,Kalyani Nagar,20:20:32
19:46:00,Ramwadi,20:23:00
,,
19:53:00,Vanaz,19:53:00
19:53:00,Anand Nagar,19:55:28
19:53:00,Ideal Colony,19:57:56
19:53:00,Nal Stop,20:00:24
19:53:00,Garware College,20:02:52
19:53:00,Deccan Gymkhana,20:05:20
19:53:00,Chatrapati Sambhaji Udyan,20:07:48
19:53:00,PMC,20:10:16
19:53:00,District Court,20:12:44
19:53:00,Mangalwar Peth,20:15:12
19:53:00,Pune Railway Station,20:17:40
19:53:00,Ruby Hall Clinic,20:20:08
19:53:00,Bund Garden,20:22:36
19:53:00,Yerwada,20:25:04
19:53:00,Kalyani Nagar,20:27:32
19:53:00,Ramwadi,20:30:00
,,
20:00:00,Vanaz,20:00:00
20:00:00,Anand Nagar,20:02:28
20:00:00,Ideal Colony,20:04:56
20:00:00,Nal Stop,20:07:24
20:00:00,Garware College,20:09:52
20:00:00,Deccan Gymkhana,20:12:20
20:00:00,Chatrapati Sambhaji Udyan,20:14:48
20:00:00,PMC,20:17:16
20:00:00,District Court,20:19:44
20:00:00,Mangalwar Peth,20:22:12
20:00:00,Pune Railway Station,20:24:40
20:00:00,Ruby Hall Clinic,20:27:08
20:00:00,Bund Garden,20:29:36
20:00:00,Yerwada,20:32:04
20:00:00,Kalyani Nagar,20:34:32
20:00:00,Ramwadi,20:37:00
,,
20:10:00,Vanaz,20:10:00
20:10:00,Anand Nagar,20:12:28
20:10:00,Ideal Colony,20:14:56
20:10:00,Nal Stop,20:17:24
20:10:00,Garware College,20:19:52
20:10:00,Deccan Gymkhana,20:22:20
20:10:00,Chatrapati Sambhaji Udyan,20:24:48
20:10:00,PMC,20:27:16
20:10:00,District Court,20:29:44
20:10:00,Mangalwar Peth,20:32:12
20:10:00,Pune Railway Station,20:34:40
20:10:00,Ruby Hall Clinic,20:37:08
20:10:00,Bund Garden,20:39:36
20:10:00,Yerwada,20:42:04
20:10:00,Kalyani Nagar,20:44:32
20:10:00,Ramwadi,20:47:00
,,
20:20:00,Vanaz,20:20:00
20:20:00,Anand Nagar,20:22:28
20:20:00,Ideal Colony,20:24:56
20:20:00,Nal Stop,20:27:24
20:20:00,Garware College,20:29:52
20:20:00,Deccan Gymkhana,20:32:20
20:20:00,Chatrapati Sambhaji Udyan,20:34:48
20:20:00,PMC,20:37:16
20:20:00,District Court,20:39:44
20:20:00,Mangalwar Peth,20:42:12
20:20:00,Pune Railway Station,20:44:40
20:20:00,Ruby Hall Clinic,20:47:08
20:20:00,Bund Garden,20:49:36
20:20:00,Yerwada,20:52:04
20:20:00,Kalyani Nagar,20:54:32
20:20:00,Ramwadi,20:57:00
,,
20:30:00,Vanaz,20:30:00
20:30:00,Anand Nagar,20:32:28
20:30:00,Ideal Colony,20:34:56
20:30:00,Nal Stop,20:37:24
20:30:00,Garware College,20:39:52
20:30:00,Deccan Gymkhana,20:42:20
20:30:00,Chatrapati Sambhaji Udyan,20:44:48
20:30:00,PMC,20:47:16
20:30:00,District Court,20:49:44
20:30:00,Mangalwar Peth,20:52:12
20:30:00,Pune Railway Station,20:54:40
20:30:00,Ruby Hall Clinic,20:57:08
20:30:00,Bund Garden,20:59:36
20:30:00,Yerwada,21:02:04
20:30:00,Kalyani Nagar,21:04:32
20:30:00,Ramwadi,21:07:00
,,
20:40:00,Vanaz,20:40:00
20:40:00,Anand Nagar,20:42:28
20:40:00,Ideal Colony,20:44:56
20:40:00,Nal Stop,20:47:24
20:40:00,Garware College,20:49:52
20:40:00,Deccan Gymkhana,20:52:20
20:40:00,Chatrapati Sambhaji Udyan,20:54:48
20:40:00,PMC,20:57:16
20:40:00,District Court,20:59:44
20:40:00,Mangalwar Peth,21:02:12
20:40:00,Pune Railway Station,21:04:40
20:40:00,Ruby Hall Clinic,21:07:08
20:40:00,Bund Garden,21:09:36
20:40:00,Yerwada,21:12:04
20:40:00,Kalyani Nagar,21:14:32
20:40:00,Ramwadi,21:17:00
,,
20:50:00,Vanaz,20:50:00
20:50:00,Anand Nagar,20:52:28
20:50:00,Ideal Colony,20:54:56
20:50:00,Nal Stop,20:57:24
20:50:00,Garware College,20:59:52
20:50:00,Deccan Gymkhana,21:02:20
20:50:00,Chatrapati Sambhaji Udyan,21:04:48
20:50:00,PMC,21:07:16
20:50:00,District Court,21:09:44
20:50:00,Mangalwar Peth,21:12:12
20:50:00,Pune Railway Station,21:14:40
20:50:00,Ruby Hall Clinic,21:17:08
20:50:00,Bund Garden,21:19:36
20:50:00,Yerwada,21:22:04
20:50:00,Kalyani Nagar,21:24:32
20:50:00,Ramwadi,21:27:00
,,
21:00:00,Vanaz,21:00:00
21:00:00,Anand Nagar,21:02:28
21:00:00,Ideal Colony,21:04:56
21:00:00,Nal Stop,21:07:24
21:00:00,Garware College,21:09:52
21:00:00,Deccan Gymkhana,21:12:20
21:00:00,Chatrapati Sambhaji Udyan,21:14:48
21:00:00,PMC,21:17:16
21:00:00,District Court,21:19:44
21:00:00,Mangalwar Peth,21:22:12
21:00:00,Pune Railway Station,21:24:40
21:00:00,Ruby Hall Clinic,21:27:08
21:00:00,Bund Garden,21:29:36
21:00:00,Yerwada,21:32:04
21:00:00,Kalyani Nagar,21:34:32
21:00:00,Ramwadi,21:37:00
,,
21:10:00,Vanaz,21:10:00
21:10:00,Anand Nagar,21:12:28
21:10:00,Ideal Colony,21:14:56
21:10:00,Nal Stop,21:17:24
21:10:00,Garware College,21:19:52
21:10:00,Deccan Gymkhana,21:22:20
21:10:00,Chatrapati Sambhaji Udyan,21:24:48
21:10:00,PMC,21:27:16
21:10:00,District Court,21:29:44
21:10:00,Mangalwar Peth,21:32:12
21:10:00,Pune Railway Station,21:34:40
21:10:00,Ruby Hall Clinic,21:37:08
21:10:00,Bund Garden,21:39:36
21:10:00,Yerwada,21:42:04
21:10:00,Kalyani Nagar,21:44:32
21:10:00,Ramwadi,21:47:00
,,
21:20:00,Vanaz,21:20:00
21:20:00,Anand Nagar,21:22:28
21:20:00,Ideal Colony,21:24:56
21:20:00,Nal Stop,21:27:24
21:20:00,Garware College,21:29:52
21:20:00,Deccan Gymkhana,21:32:20
21:20:00,Chatrapati Sambhaji Udyan,21:34:48
21:20:00,PMC,21:37:16
21:20:00,District Court,21:39:44
21:20:00,Mangalwar Peth,21:42:12
21:20:00,Pune Railway Station,21:44:40
21:20:00,Ruby Hall Clinic,21:47:08
21:20:00,Bund Garden,21:49:36
21:20:00,Yerwada,21:52:04
21:20:00,Kalyani Nagar,21:54:32
21:20:00,Ramwadi,21:57:00
,,
21:30:00,Vanaz,21:30:00
21:30:00,Anand Nagar,21:32:28
21:30:00,Ideal Colony,21:34:56
21:30:00,Nal Stop,21:37:24
21:30:00,Garware College,21:39:52
21:30:00,Deccan Gymkhana,21:42:20
21:30:00,Chatrapati Sambhaji Udyan,21:44:48
21:30:00,PMC,21:47:16
21:30:00,District Court,21:49:44
21:30:00,Mangalwar Peth,21:52:12
21:30:00,Pune Railway Station,21:54:40
21:30:00,Ruby Hall Clinic,21:57:08
21:30:00,Bund Garden,21:59:36
21:30:00,Yerwada,22:02:04
21:30:00,Kalyani Nagar,22:04:32
21:30:00,Ramwadi,22:07:00
,,
21:40:00,Vanaz,21:40:00
21:40:00,Anand Nagar,21:42:28
21:40:00,Ideal Colony,21:44:56
21:40:00,Nal Stop,21:47:24
21:40:00,Garware College,21:49:52
21:40:00,Deccan Gymkhana,21:52:20
21:40:00,Chatrapati Sambhaji Udyan,21:54:48
21:40:00,PMC,21:57:16
21:40:00,District Court,21:59:44
21:40:00,Mangalwar Peth,22:02:12
21:40:00,Pune Railway Station,22:04:40
21:40:00,Ruby Hall Clinic,22:07:08
21:40:00,Bund Garden,22:09:36
21:40:00,Yerwada,22:12:04
21:40:00,Kalyani Nagar,22:14:32
21:40:00,Ramwadi,22:17:00
,,
21:50:00,Vanaz,21:50:00
21:50:00,Anand Nagar,21:52:28
21:50:00,Ideal Colony,21:54:56
21:50:00,Nal Stop,21:57:24
21:50:00,Garware College,21:59:52
21:50:00,Deccan Gymkhana,22:02:20
21:50:00,Chatrapati Sambhaji Udyan,22:04:48
21:50:00,PMC,22:07:16
21:50:00,District Court,22:09:44
21:50:00,Mangalwar Peth,22:12:12
21:50:00,Pune Railway Station,22:14:40
21:50:00,Ruby Hall Clinic,22:17:08
21:50:00,Bund Garden,22:19:36
21:50:00,Yerwada,22:22:04
21:50:00,Kalyani Nagar,22:24:32
21:50:00,Ramwadi,22:27:00
,,
